[
    {
        "id": "C0JLH2005",
        "name": "general",
        "created": "1453028409",
        "creator": "U0JLLMU8H",
        "is_archived": false,
        "is_general": true,
        "members": [
            "U0JLLMU8H"
        ],
        "topic": {
            "value": "Company-wide announcements and work-based matters",
            "creator": "",
            "last_set": "0"
        },
        "purpose": {
            "value": "This channel is for team-wide communication and announcements. All team members are in this channel.",
            "creator": "",
            "last_set": "0"
        }
    },
    {
        "id": "C0JLMC5BQ",
        "name": "random",
        "created": "1453028409",
        "creator": "U0JLLMU8H",
        "is_archived": false,
        "is_general": false,
        "members": [
            "U0JLLMU8H"
        ],
        "topic": {
            "value": "Non-work banter and water cooler conversation",
            "creator": "",
            "last_set": "0"
        },
        "purpose": {
            "value": "A place for non-work-related flimflam, faffing, hodge-podge or jibber-jabber you'd prefer to keep out of more focused work-related channels.",
            "creator": "",
            "last_set": "0"
        }
    }
]