[
    {
        "user_id": "U0JLLMU8H",
        "user_name": "doublek420",
        "date": "1453028826",
        "change_type": "added",
        "service_id": "18700870945",
        "service_type": "GitHub",
        "scope": "incoming-webhook",
        "channel": "private"
    },
    {
        "user_id": "U0JLLMU8H",
        "user_name": "doublek420",
        "date": "1453028801",
        "change_type": "added",
        "service_id": "18697191637",
        "service_type": "GitHub",
        "scope": "incoming-webhook",
        "channel": "C0JLH2005"
    },
    {
        "user_id": 0,
        "user_name": "slack",
        "date": "1453028409",
        "change_type": "added",
        "service_id": "18700744369",
        "service_type": "Google Drive",
        "scope": "files:write:user"
    }
]