[
    {
        "id": "U0JLLMU8H",
        "team_id": "T0JLLMU7K",
        "name": "doublek420",
        "deleted": false,
        "status": null,
        "color": "9f69e7",
        "real_name": "",
        "tz": "America\/Los_Angeles",
        "tz_label": "Pacific Standard Time",
        "tz_offset": -28800,
        "profile": {
            "avatar_hash": "gea034ca00c8",
            "real_name": "",
            "real_name_normalized": "",
            "email": "Doublek420@gmail.com",
            "image_24": "https:\/\/secure.gravatar.com\/avatar\/ea034ca00c815c9136ce8bcb152c1081.jpg?s=24&d=https%3A%2F%2Fslack.global.ssl.fastly.net%2F66f9%2Fimg%2Favatars%2Fava_0005-24.png",
            "image_32": "https:\/\/secure.gravatar.com\/avatar\/ea034ca00c815c9136ce8bcb152c1081.jpg?s=32&d=https%3A%2F%2Fslack.global.ssl.fastly.net%2F66f9%2Fimg%2Favatars%2Fava_0005-32.png",
            "image_48": "https:\/\/secure.gravatar.com\/avatar\/ea034ca00c815c9136ce8bcb152c1081.jpg?s=48&d=https%3A%2F%2Fslack.global.ssl.fastly.net%2F66f9%2Fimg%2Favatars%2Fava_0005-48.png",
            "image_72": "https:\/\/secure.gravatar.com\/avatar\/ea034ca00c815c9136ce8bcb152c1081.jpg?s=72&d=https%3A%2F%2Fslack.global.ssl.fastly.net%2F66f9%2Fimg%2Favatars%2Fava_0005-72.png",
            "image_192": "https:\/\/secure.gravatar.com\/avatar\/ea034ca00c815c9136ce8bcb152c1081.jpg?s=192&d=https%3A%2F%2Fslack.global.ssl.fastly.net%2F7fa9%2Fimg%2Favatars%2Fava_0005-192.png",
            "image_512": "https:\/\/secure.gravatar.com\/avatar\/ea034ca00c815c9136ce8bcb152c1081.jpg?s=512&d=https%3A%2F%2Fslack.global.ssl.fastly.net%2F7fa9%2Fimg%2Favatars%2Fava_0005-512.png",
            "fields": null
        },
        "is_admin": true,
        "is_owner": true,
        "is_primary_owner": true,
        "is_restricted": false,
        "is_ultra_restricted": false,
        "is_bot": false
    }
]